Offer,Description,Coupon Code,Eligible Credit Cards,Eligible Debit Cards
Get 5% off,"Applicable only on transactions using AU Bank Credit Cards. Maximum Discount is Rs.30. Total value of items must be Rs.500 or more. Offer can be availed once during the offer period (Nov 01 - Nov 30). Offer is not applicable on Gold & Silver coins, Milk, Tobacco, Cigarettes and Baby needs. Other T&Cs may apply.",AUCC30,AU Altura Credit Card,
Get 5% off,"Applicable only on transactions using AU Bank Credit Cards. Maximum Discount is Rs.30. Total value of items must be Rs.500 or more. Offer can be availed once during the offer period (Nov 01 - Nov 30). Offer is not applicable on Gold & Silver coins, Milk, Tobacco, Cigarettes and Baby needs. Other T&Cs may apply.",AUCC30,AU Bank Zenith+ Credit Card,
Get 5% off,"Applicable only on transactions using AU Bank Credit Cards. Maximum Discount is Rs.30. Total value of items must be Rs.500 or more. Offer can be availed once during the offer period (Nov 01 - Nov 30). Offer is not applicable on Gold & Silver coins, Milk, Tobacco, Cigarettes and Baby needs. Other T&Cs may apply.",AUCC30,AU Vetta Credit Card,
Get 5% off,"Applicable only on transactions using AU Bank Credit Cards. Maximum Discount is Rs.30. Total value of items must be Rs.500 or more. Offer can be availed once during the offer period (Nov 01 - Nov 30). Offer is not applicable on Gold & Silver coins, Milk, Tobacco, Cigarettes and Baby needs. Other T&Cs may apply.",AUCC30,AU Bank InstaPay Credit Card,
Get 5% off,"Applicable only on transactions using AU Bank Credit Cards. Maximum Discount is Rs.30. Total value of items must be Rs.500 or more. Offer can be availed once during the offer period (Nov 01 - Nov 30). Offer is not applicable on Gold & Silver coins, Milk, Tobacco, Cigarettes and Baby needs. Other T&Cs may apply.",AUCC30,AU Bank Altura Plus Credit Card,
Get 5% off,"Applicable only on transactions using AU Bank Credit Cards. Maximum Discount is Rs.30. Total value of items must be Rs.500 or more. Offer can be availed once during the offer period (Nov 01 - Nov 30). Offer is not applicable on Gold & Silver coins, Milk, Tobacco, Cigarettes and Baby needs. Other T&Cs may apply.",AUCC30,AU Zenith Credit Card,
Get 5% off,"Applicable only on transactions using AU Bank Credit Cards. Maximum Discount is Rs.30. Total value of items must be Rs.500 or more. Offer can be availed once during the offer period (Nov 01 - Nov 30). Offer is not applicable on Gold & Silver coins, Milk, Tobacco, Cigarettes and Baby needs. Other T&Cs may apply.",AUCC30,Ixigo AU Travel Credit Card,
Get 5% off,"Applicable only on transactions using AU Bank Credit Cards. Maximum Discount is Rs.30. Total value of items must be Rs.500 or more. Offer can be availed once during the offer period (Nov 01 - Nov 30). Offer is not applicable on Gold & Silver coins, Milk, Tobacco, Cigarettes and Baby needs. Other T&Cs may apply.",AUCC30,AU LIT Credit Card,
Get 10% OFF upto Rs.250,"Applicable only on transactions using Axis Neo Credit Card. Maximum Discount is Rs.250. Total value of items must be Rs.750 or more. Offer can be availed once during the offer period (Nov 01 - Nov 30). Discount not applicable on Gold & Silver coins, Milk, Tobacco, Cigarettes and Baby needs. Other T&Cs may apply.",AXISNEO,Axis Bank Neo Credit Card,
Flat Rs.150 off,"Applicable only on transactions using American Express Network Cards issued by ICICI Bank, Induslnd Bank, Axis Bank and SBI Cards. Maximum Discount is Rs.150. Total value of items must be Rs.1500 or more. Offer valid on cards issued by a third party bearing the name or trademark or service mark or logo of American Express ('Network Cards') issued in India. Offer is applicable only on Saturdays. Offer can be availed once during the offer period (Nov 01 - Nov 30). Discount not applicable on Milk, Tobacco, Cigarettes and Baby needs. Other T&Cs may apply.",AMEXWEEKEND,American Express Platinum Reserve Credit Card,
Flat Rs.150 off,"Applicable only on transactions using American Express Network Cards issued by ICICI Bank, Induslnd Bank, Axis Bank and SBI Cards. Maximum Discount is Rs.150. Total value of items must be Rs.1500 or more. Offer valid on cards issued by a third party bearing the name or trademark or service mark or logo of American Express ('Network Cards') issued in India. Offer is applicable only on Saturdays. Offer can be availed once during the offer period (Nov 01 - Nov 30). Discount not applicable on Milk, Tobacco, Cigarettes and Baby needs. Other T&Cs may apply.",AMEXWEEKEND,American Express Platinum Charge Card,
Flat Rs.150 off,"Applicable only on transactions using American Express Network Cards issued by ICICI Bank, Induslnd Bank, Axis Bank and SBI Cards. Maximum Discount is Rs.150. Total value of items must be Rs.1500 or more. Offer valid on cards issued by a third party bearing the name or trademark or service mark or logo of American Express ('Network Cards') issued in India. Offer is applicable only on Saturdays. Offer can be availed once during the offer period (Nov 01 - Nov 30). Discount not applicable on Milk, Tobacco, Cigarettes and Baby needs. Other T&Cs may apply.",AMEXWEEKEND,American Express Platinum Travel Credit Card,
Flat Rs.150 off,"Applicable only on transactions using American Express Network Cards issued by ICICI Bank, Induslnd Bank, Axis Bank and SBI Cards. Maximum Discount is Rs.150. Total value of items must be Rs.1500 or more. Offer valid on cards issued by a third party bearing the name or trademark or service mark or logo of American Express ('Network Cards') issued in India. Offer is applicable only on Saturdays. Offer can be availed once during the offer period (Nov 01 - Nov 30). Discount not applicable on Milk, Tobacco, Cigarettes and Baby needs. Other T&Cs may apply.",AMEXWEEKEND,American Express Gold Charge Card,
Flat Rs.150 off,"Applicable only on transactions using American Express Network Cards issued by ICICI Bank, Induslnd Bank, Axis Bank and SBI Cards. Maximum Discount is Rs.150. Total value of items must be Rs.1500 or more. Offer valid on cards issued by a third party bearing the name or trademark or service mark or logo of American Express ('Network Cards') issued in India. Offer is applicable only on Saturdays. Offer can be availed once during the offer period (Nov 01 - Nov 30). Discount not applicable on Milk, Tobacco, Cigarettes and Baby needs. Other T&Cs may apply.",AMEXWEEKEND,American Express Membership Rewards Credit Card,
Flat Rs.150 off,"Applicable only on transactions using American Express Network Cards issued by ICICI Bank, Induslnd Bank, Axis Bank and SBI Cards. Maximum Discount is Rs.150. Total value of items must be Rs.1500 or more. Offer valid on cards issued by a third party bearing the name or trademark or service mark or logo of American Express ('Network Cards') issued in India. Offer is applicable only on Saturdays. Offer can be availed once during the offer period (Nov 01 - Nov 30). Discount not applicable on Milk, Tobacco, Cigarettes and Baby needs. Other T&Cs may apply.",AMEXWEEKEND,American Express Smartearn Credit Card,
Flat Rs.75 off,"Applicable only on transactions using DBS Bank Credit Cards. Maximum Discount is Rs.75. Total value of items must be Rs.750 or more. Offer can be availed once during the offer period (Nov 01 - Nov 30). This coupon is not applicable on Gold & Silver coins, Milk, Tobacco, Cigarettes and Baby needs. Other T&Cs may apply.",DBSCC75,DBS Spark Credit Card,
Flat Rs.75 off,"Applicable only on transactions using DBS Bank Credit Cards. Maximum Discount is Rs.75. Total value of items must be Rs.750 or more. Offer can be availed once during the offer period (Nov 01 - Nov 30). This coupon is not applicable on Gold & Silver coins, Milk, Tobacco, Cigarettes and Baby needs. Other T&Cs may apply.",DBSCC75,DBS Spark5 Credit Card,
Flat Rs.75 off,"Applicable only on transactions using DBS Bank Credit Cards. Maximum Discount is Rs.75. Total value of items must be Rs.750 or more. Offer can be availed once during the offer period (Nov 01 - Nov 30). This coupon is not applicable on Gold & Silver coins, Milk, Tobacco, Cigarettes and Baby needs. Other T&Cs may apply.",DBSCC75,DBS Spark 10 Credit Card,
Flat Rs.75 off,"Applicable only on transactions using DBS Bank Credit Cards. Maximum Discount is Rs.75. Total value of items must be Rs.750 or more. Offer can be availed once during the offer period (Nov 01 - Nov 30). This coupon is not applicable on Gold & Silver coins, Milk, Tobacco, Cigarettes and Baby needs. Other T&Cs may apply.",DBSCC75,DBS Spark 10 Mastercard Credit Card,
Flat Rs.75 off,"Applicable only on transactions using DBS Bank Credit Cards. Maximum Discount is Rs.75. Total value of items must be Rs.750 or more. Offer can be availed once during the offer period (Nov 01 - Nov 30). This coupon is not applicable on Gold & Silver coins, Milk, Tobacco, Cigarettes and Baby needs. Other T&Cs may apply.",DBSCC75,DBS Spark20 Credit Card,
Flat Rs.75 off,"Applicable only on transactions using DBS Bank Credit Cards. Maximum Discount is Rs.75. Total value of items must be Rs.750 or more. Offer can be availed once during the offer period (Nov 01 - Nov 30). This coupon is not applicable on Gold & Silver coins, Milk, Tobacco, Cigarettes and Baby needs. Other T&Cs may apply.",DBSCC75,DBS Spark 20 Visa Credit Card,
Flat Rs.75 off,"Applicable only on transactions using DBS Bank Credit Cards. Maximum Discount is Rs.75. Total value of items must be Rs.750 or more. Offer can be availed once during the offer period (Nov 01 - Nov 30). This coupon is not applicable on Gold & Silver coins, Milk, Tobacco, Cigarettes and Baby needs. Other T&Cs may apply.",DBSCC75,DBS Vantage Card,
Flat Rs.75 off,"Applicable only on transactions using DBS Bank Credit Cards. Maximum Discount is Rs.75. Total value of items must be Rs.750 or more. Offer can be availed once during the offer period (Nov 01 - Nov 30). This coupon is not applicable on Gold & Silver coins, Milk, Tobacco, Cigarettes and Baby needs. Other T&Cs may apply.",DBSCC75,Bajaj Finserv DBS Bank 5 X Super Card,
Flat Rs.75 off,"Applicable only on transactions using DBS Bank Credit Cards. Maximum Discount is Rs.75. Total value of items must be Rs.750 or more. Offer can be availed once during the offer period (Nov 01 - Nov 30). This coupon is not applicable on Gold & Silver coins, Milk, Tobacco, Cigarettes and Baby needs. Other T&Cs may apply.",DBSCC75,Bajaj Finserv DBS Bank 10X Signature SuperCard,
Flat Rs.75 off,"Applicable only on transactions using DBS Bank Credit Cards. Maximum Discount is Rs.75. Total value of items must be Rs.750 or more. Offer can be availed once during the offer period (Nov 01 - Nov 30). This coupon is not applicable on Gold & Silver coins, Milk, Tobacco, Cigarettes and Baby needs. Other T&Cs may apply.",DBSCC75,Bajaj Finserv DBS Bank 10X Plus Signature SuperCard,
Flat Rs.75 off,"Applicable only on transactions using DBS Bank Credit Cards. Maximum Discount is Rs.75. Total value of items must be Rs.750 or more. Offer can be availed once during the offer period (Nov 01 - Nov 30). This coupon is not applicable on Gold & Silver coins, Milk, Tobacco, Cigarettes and Baby needs. Other T&Cs may apply.",DBSCC75,Bajaj Finserv DBS Bank 7X Rewards Supercard,
Flat Rs.75 off,"Applicable only on transactions using DBS Bank Credit Cards. Maximum Discount is Rs.75. Total value of items must be Rs.750 or more. Offer can be availed once during the offer period (Nov 01 - Nov 30). This coupon is not applicable on Gold & Silver coins, Milk, Tobacco, Cigarettes and Baby needs. Other T&Cs may apply.",DBSCC75,Bajaj Finserv DBS Bank 5X Plus Rewards Supercard,
Flat Rs.75 off,"Applicable only on transactions using DBS Bank Credit Cards. Maximum Discount is Rs.75. Total value of items must be Rs.750 or more. Offer can be availed once during the offer period (Nov 01 - Nov 30). This coupon is not applicable on Gold & Silver coins, Milk, Tobacco, Cigarettes and Baby needs. Other T&Cs may apply.",DBSCC75,Bajaj Finserv DBS Bank 7X Plus Rewards Supercard,
Up to Rs.300 Cashback,"Applicable only on transactions using Rupay Credit Cards on UPI on Paytm. Minimum Cashback is Rs.20 per transaction. Total value of eligible items must be Rs.600 or more. Offer can be availed once per user during the offer period (Dec 01 ? Dec 31). The cashback will be credited within 7 days from completion of the transaction and redemption of the scratch card on Paytm app. Cashback not applicable on Milk, Tobacco, Cigarettes and Baby needs. Other T&Cs may apply.",PAYTMRUPAYCC,Indian Overseas Bank Classic Credit Card (Rupay),
Up to Rs.300 Cashback,"Applicable only on transactions using Rupay Credit Cards on UPI on Paytm. Minimum Cashback is Rs.20 per transaction. Total value of eligible items must be Rs.600 or more. Offer can be availed once per user during the offer period (Dec 01 ? Dec 31). The cashback will be credited within 7 days from completion of the transaction and redemption of the scratch card on Paytm app. Cashback not applicable on Milk, Tobacco, Cigarettes and Baby needs. Other T&Cs may apply.",PAYTMRUPAYCC,Canara Bank Rupay Classic Credit Card (Rupay),
Up to Rs.300 Cashback,"Applicable only on transactions using Rupay Credit Cards on UPI on Paytm. Minimum Cashback is Rs.20 per transaction. Total value of eligible items must be Rs.600 or more. Offer can be availed once per user during the offer period (Dec 01 ? Dec 31). The cashback will be credited within 7 days from completion of the transaction and redemption of the scratch card on Paytm app. Cashback not applicable on Milk, Tobacco, Cigarettes and Baby needs. Other T&Cs may apply.",PAYTMRUPAYCC,Shoppers Stop HDFC Bank Credit Card (Rupay),
Up to Rs.300 Cashback,"Applicable only on transactions using Rupay Credit Cards on UPI on Paytm. Minimum Cashback is Rs.20 per transaction. Total value of eligible items must be Rs.600 or more. Offer can be availed once per user during the offer period (Dec 01 ? Dec 31). The cashback will be credited within 7 days from completion of the transaction and redemption of the scratch card on Paytm app. Cashback not applicable on Milk, Tobacco, Cigarettes and Baby needs. Other T&Cs may apply.",PAYTMRUPAYCC,SBM Rupicard Credit Card (Rupay),
Up to Rs.300 Cashback,"Applicable only on transactions using Rupay Credit Cards on UPI on Paytm. Minimum Cashback is Rs.20 per transaction. Total value of eligible items must be Rs.600 or more. Offer can be availed once per user during the offer period (Dec 01 ? Dec 31). The cashback will be credited within 7 days from completion of the transaction and redemption of the scratch card on Paytm app. Cashback not applicable on Milk, Tobacco, Cigarettes and Baby needs. Other T&Cs may apply.",PAYTMRUPAYCC,Axis Bank Neo Credit Card (Rupay),
Up to Rs.300 Cashback,"Applicable only on transactions using Rupay Credit Cards on UPI on Paytm. Minimum Cashback is Rs.20 per transaction. Total value of eligible items must be Rs.600 or more. Offer can be availed once per user during the offer period (Dec 01 ? Dec 31). The cashback will be credited within 7 days from completion of the transaction and redemption of the scratch card on Paytm app. Cashback not applicable on Milk, Tobacco, Cigarettes and Baby needs. Other T&Cs may apply.",PAYTMRUPAYCC,Miles Elite SBI Card (Rupay),
Up to Rs.300 Cashback,"Applicable only on transactions using Rupay Credit Cards on UPI on Paytm. Minimum Cashback is Rs.20 per transaction. Total value of eligible items must be Rs.600 or more. Offer can be availed once per user during the offer period (Dec 01 ? Dec 31). The cashback will be credited within 7 days from completion of the transaction and redemption of the scratch card on Paytm app. Cashback not applicable on Milk, Tobacco, Cigarettes and Baby needs. Other T&Cs may apply.",PAYTMRUPAYCC,Indian Coast Guard Rakshamah Bank of Baroda (Rupay),
Up to Rs.300 Cashback,"Applicable only on transactions using Rupay Credit Cards on UPI on Paytm. Minimum Cashback is Rs.20 per transaction. Total value of eligible items must be Rs.600 or more. Offer can be availed once per user during the offer period (Dec 01 ? Dec 31). The cashback will be credited within 7 days from completion of the transaction and redemption of the scratch card on Paytm app. Cashback not applicable on Milk, Tobacco, Cigarettes and Baby needs. Other T&Cs may apply.",PAYTMRUPAYCC,Tata Neu Plus HDFC Bank Credit Card (Rupay),
Up to Rs.300 Cashback,"Applicable only on transactions using Rupay Credit Cards on UPI on Paytm. Minimum Cashback is Rs.20 per transaction. Total value of eligible items must be Rs.600 or more. Offer can be availed once per user during the offer period (Dec 01 ? Dec 31). The cashback will be credited within 7 days from completion of the transaction and redemption of the scratch card on Paytm app. Cashback not applicable on Milk, Tobacco, Cigarettes and Baby needs. Other T&Cs may apply.",PAYTMRUPAYCC,Canara Bank Rupay Select Secured Credit Card (Rupay),
Up to Rs.300 Cashback,"Applicable only on transactions using Rupay Credit Cards on UPI on Paytm. Minimum Cashback is Rs.20 per transaction. Total value of eligible items must be Rs.600 or more. Offer can be availed once per user during the offer period (Dec 01 ? Dec 31). The cashback will be credited within 7 days from completion of the transaction and redemption of the scratch card on Paytm app. Cashback not applicable on Milk, Tobacco, Cigarettes and Baby needs. Other T&Cs may apply.",PAYTMRUPAYCC,HDFC Bharat Credit Card (Rupay),
Up to Rs.300 Cashback,"Applicable only on transactions using Rupay Credit Cards on UPI on Paytm. Minimum Cashback is Rs.20 per transaction. Total value of eligible items must be Rs.600 or more. Offer can be availed once per user during the offer period (Dec 01 ? Dec 31). The cashback will be credited within 7 days from completion of the transaction and redemption of the scratch card on Paytm app. Cashback not applicable on Milk, Tobacco, Cigarettes and Baby needs. Other T&Cs may apply.",PAYTMRUPAYCC,PVR Inox Kotak Credit Card (Rupay),
Up to Rs.300 Cashback,"Applicable only on transactions using Rupay Credit Cards on UPI on Paytm. Minimum Cashback is Rs.20 per transaction. Total value of eligible items must be Rs.600 or more. Offer can be availed once per user during the offer period (Dec 01 ? Dec 31). The cashback will be credited within 7 days from completion of the transaction and redemption of the scratch card on Paytm app. Cashback not applicable on Milk, Tobacco, Cigarettes and Baby needs. Other T&Cs may apply.",PAYTMRUPAYCC,HDFC Bank UPI RuPay Credit Card (Rupay),
Up to Rs.300 Cashback,"Applicable only on transactions using Rupay Credit Cards on UPI on Paytm. Minimum Cashback is Rs.20 per transaction. Total value of eligible items must be Rs.600 or more. Offer can be availed once per user during the offer period (Dec 01 ? Dec 31). The cashback will be credited within 7 days from completion of the transaction and redemption of the scratch card on Paytm app. Cashback not applicable on Milk, Tobacco, Cigarettes and Baby needs. Other T&Cs may apply.",PAYTMRUPAYCC,YES Bank Rio Rupay Credit Card (Rupay),
Up to Rs.300 Cashback,"Applicable only on transactions using Rupay Credit Cards on UPI on Paytm. Minimum Cashback is Rs.20 per transaction. Total value of eligible items must be Rs.600 or more. Offer can be availed once per user during the offer period (Dec 01 ? Dec 31). The cashback will be credited within 7 days from completion of the transaction and redemption of the scratch card on Paytm app. Cashback not applicable on Milk, Tobacco, Cigarettes and Baby needs. Other T&Cs may apply.",PAYTMRUPAYCC,SBM Paisabazaar Step-Up Credit Card (Rupay),
Up to Rs.300 Cashback,"Applicable only on transactions using Rupay Credit Cards on UPI on Paytm. Minimum Cashback is Rs.20 per transaction. Total value of eligible items must be Rs.600 or more. Offer can be availed once per user during the offer period (Dec 01 ? Dec 31). The cashback will be credited within 7 days from completion of the transaction and redemption of the scratch card on Paytm app. Cashback not applicable on Milk, Tobacco, Cigarettes and Baby needs. Other T&Cs may apply.",PAYTMRUPAYCC,HDFC Pixel Play Credit Card (Rupay),
Up to Rs.300 Cashback,"Applicable only on transactions using Rupay Credit Cards on UPI on Paytm. Minimum Cashback is Rs.20 per transaction. Total value of eligible items must be Rs.600 or more. Offer can be availed once per user during the offer period (Dec 01 ? Dec 31). The cashback will be credited within 7 days from completion of the transaction and redemption of the scratch card on Paytm app. Cashback not applicable on Milk, Tobacco, Cigarettes and Baby needs. Other T&Cs may apply.",PAYTMRUPAYCC,Tata Neu Plus SBI Card,
Up to Rs.300 Cashback,"Applicable only on transactions using Rupay Credit Cards on UPI on Paytm. Minimum Cashback is Rs.20 per transaction. Total value of eligible items must be Rs.600 or more. Offer can be availed once per user during the offer period (Dec 01 ? Dec 31). The cashback will be credited within 7 days from completion of the transaction and redemption of the scratch card on Paytm app. Cashback not applicable on Milk, Tobacco, Cigarettes and Baby needs. Other T&Cs may apply.",PAYTMRUPAYCC,(Rupay),
Up to Rs.300 Cashback,"Applicable only on transactions using Rupay Credit Cards on UPI on Paytm. Minimum Cashback is Rs.20 per transaction. Total value of eligible items must be Rs.600 or more. Offer can be availed once per user during the offer period (Dec 01 ? Dec 31). The cashback will be credited within 7 days from completion of the transaction and redemption of the scratch card on Paytm app. Cashback not applicable on Milk, Tobacco, Cigarettes and Baby needs. Other T&Cs may apply.",PAYTMRUPAYCC,Fed Starbiz Rupay Credit Card (Rupay),
Up to Rs.300 Cashback,"Applicable only on transactions using Rupay Credit Cards on UPI on Paytm. Minimum Cashback is Rs.20 per transaction. Total value of eligible items must be Rs.600 or more. Offer can be availed once per user during the offer period (Dec 01 ? Dec 31). The cashback will be credited within 7 days from completion of the transaction and redemption of the scratch card on Paytm app. Cashback not applicable on Milk, Tobacco, Cigarettes and Baby needs. Other T&Cs may apply.",PAYTMRUPAYCC,IRCTC Bobcard (Rupay),
Up to Rs.300 Cashback,"Applicable only on transactions using Rupay Credit Cards on UPI on Paytm. Minimum Cashback is Rs.20 per transaction. Total value of eligible items must be Rs.600 or more. Offer can be availed once per user during the offer period (Dec 01 ? Dec 31). The cashback will be credited within 7 days from completion of the transaction and redemption of the scratch card on Paytm app. Cashback not applicable on Milk, Tobacco, Cigarettes and Baby needs. Other T&Cs may apply.",PAYTMRUPAYCC,Tata Neu Infinity SBI Card (Rupay),
Up to Rs.300 Cashback,"Applicable only on transactions using Rupay Credit Cards on UPI on Paytm. Minimum Cashback is Rs.20 per transaction. Total value of eligible items must be Rs.600 or more. Offer can be availed once per user during the offer period (Dec 01 ? Dec 31). The cashback will be credited within 7 days from completion of the transaction and redemption of the scratch card on Paytm app. Cashback not applicable on Milk, Tobacco, Cigarettes and Baby needs. Other T&Cs may apply.",PAYTMRUPAYCC,HDFC Bank Biz First Credit Card (Rupay),
Up to Rs.300 Cashback,"Applicable only on transactions using Rupay Credit Cards on UPI on Paytm. Minimum Cashback is Rs.20 per transaction. Total value of eligible items must be Rs.600 or more. Offer can be availed once per user during the offer period (Dec 01 ? Dec 31). The cashback will be credited within 7 days from completion of the transaction and redemption of the scratch card on Paytm app. Cashback not applicable on Milk, Tobacco, Cigarettes and Baby needs. Other T&Cs may apply.",PAYTMRUPAYCC,SBM Gild Credit Card (Rupay),
Up to Rs.300 Cashback,"Applicable only on transactions using Rupay Credit Cards on UPI on Paytm. Minimum Cashback is Rs.20 per transaction. Total value of eligible items must be Rs.600 or more. Offer can be availed once per user during the offer period (Dec 01 ? Dec 31). The cashback will be credited within 7 days from completion of the transaction and redemption of the scratch card on Paytm app. Cashback not applicable on Milk, Tobacco, Cigarettes and Baby needs. Other T&Cs may apply.",PAYTMRUPAYCC,Snapdeal Bobcard (Rupay),
Up to Rs.300 Cashback,"Applicable only on transactions using Rupay Credit Cards on UPI on Paytm. Minimum Cashback is Rs.20 per transaction. Total value of eligible items must be Rs.600 or more. Offer can be availed once per user during the offer period (Dec 01 ? Dec 31). The cashback will be credited within 7 days from completion of the transaction and redemption of the scratch card on Paytm app. Cashback not applicable on Milk, Tobacco, Cigarettes and Baby needs. Other T&Cs may apply.",PAYTMRUPAYCC,Indianoil RBL Bank Xtra Credit Card (Rupay),
Up to Rs.300 Cashback,"Applicable only on transactions using Rupay Credit Cards on UPI on Paytm. Minimum Cashback is Rs.20 per transaction. Total value of eligible items must be Rs.600 or more. Offer can be availed once per user during the offer period (Dec 01 ? Dec 31). The cashback will be credited within 7 days from completion of the transaction and redemption of the scratch card on Paytm app. Cashback not applicable on Milk, Tobacco, Cigarettes and Baby needs. Other T&Cs may apply.",PAYTMRUPAYCC,Shaurya Select SBI Credit Card (Rupay),
Up to Rs.300 Cashback,"Applicable only on transactions using Rupay Credit Cards on UPI on Paytm. Minimum Cashback is Rs.20 per transaction. Total value of eligible items must be Rs.600 or more. Offer can be availed once per user during the offer period (Dec 01 ? Dec 31). The cashback will be credited within 7 days from completion of the transaction and redemption of the scratch card on Paytm app. Cashback not applicable on Milk, Tobacco, Cigarettes and Baby needs. Other T&Cs may apply.",PAYTMRUPAYCC,IRCTC SBI Card Premier (Rupay),
Up to Rs.300 Cashback,"Applicable only on transactions using Rupay Credit Cards on UPI on Paytm. Minimum Cashback is Rs.20 per transaction. Total value of eligible items must be Rs.600 or more. Offer can be availed once per user during the offer period (Dec 01 ? Dec 31). The cashback will be credited within 7 days from completion of the transaction and redemption of the scratch card on Paytm app. Cashback not applicable on Milk, Tobacco, Cigarettes and Baby needs. Other T&Cs may apply.",PAYTMRUPAYCC,UCO Bank SimplySAVE SBI Card (Rupay),
Up to Rs.300 Cashback,"Applicable only on transactions using Rupay Credit Cards on UPI on Paytm. Minimum Cashback is Rs.20 per transaction. Total value of eligible items must be Rs.600 or more. Offer can be availed once per user during the offer period (Dec 01 ? Dec 31). The cashback will be credited within 7 days from completion of the transaction and redemption of the scratch card on Paytm app. Cashback not applicable on Milk, Tobacco, Cigarettes and Baby needs. Other T&Cs may apply.",PAYTMRUPAYCC,Poonawalla Fincorp IndusInd Bank eLITE RuPay Credit Card (Rupay),
Up to Rs.300 Cashback,"Applicable only on transactions using Rupay Credit Cards on UPI on Paytm. Minimum Cashback is Rs.20 per transaction. Total value of eligible items must be Rs.600 or more. Offer can be availed once per user during the offer period (Dec 01 ? Dec 31). The cashback will be credited within 7 days from completion of the transaction and redemption of the scratch card on Paytm app. Cashback not applicable on Milk, Tobacco, Cigarettes and Baby needs. Other T&Cs may apply.",PAYTMRUPAYCC,PNB Patanjali Rupay Select Card (Rupay),
Up to Rs.300 Cashback,"Applicable only on transactions using Rupay Credit Cards on UPI on Paytm. Minimum Cashback is Rs.20 per transaction. Total value of eligible items must be Rs.600 or more. Offer can be availed once per user during the offer period (Dec 01 ? Dec 31). The cashback will be credited within 7 days from completion of the transaction and redemption of the scratch card on Paytm app. Cashback not applicable on Milk, Tobacco, Cigarettes and Baby needs. Other T&Cs may apply.",PAYTMRUPAYCC,HDFC Pixel Go Credit Card (Rupay),
Up to Rs.300 Cashback,"Applicable only on transactions using Rupay Credit Cards on UPI on Paytm. Minimum Cashback is Rs.20 per transaction. Total value of eligible items must be Rs.600 or more. Offer can be availed once per user during the offer period (Dec 01 ? Dec 31). The cashback will be credited within 7 days from completion of the transaction and redemption of the scratch card on Paytm app. Cashback not applicable on Milk, Tobacco, Cigarettes and Baby needs. Other T&Cs may apply.",PAYTMRUPAYCC,Yes Bank Anq Pi Credit Card (Rupay),
Up to Rs.300 Cashback,"Applicable only on transactions using Rupay Credit Cards on UPI on Paytm. Minimum Cashback is Rs.20 per transaction. Total value of eligible items must be Rs.600 or more. Offer can be availed once per user during the offer period (Dec 01 ? Dec 31). The cashback will be credited within 7 days from completion of the transaction and redemption of the scratch card on Paytm app. Cashback not applicable on Milk, Tobacco, Cigarettes and Baby needs. Other T&Cs may apply.",PAYTMRUPAYCC,Federal Bank Rupay Signet Credit Card (Rupay),
Up to Rs.300 Cashback,"Applicable only on transactions using Rupay Credit Cards on UPI on Paytm. Minimum Cashback is Rs.20 per transaction. Total value of eligible items must be Rs.600 or more. Offer can be availed once per user during the offer period (Dec 01 ? Dec 31). The cashback will be credited within 7 days from completion of the transaction and redemption of the scratch card on Paytm app. Cashback not applicable on Milk, Tobacco, Cigarettes and Baby needs. Other T&Cs may apply.",PAYTMRUPAYCC,Union Bank Rupay Platinum Credit Card (Rupay),
Up to Rs.300 Cashback,"Applicable only on transactions using Rupay Credit Cards on UPI on Paytm. Minimum Cashback is Rs.20 per transaction. Total value of eligible items must be Rs.600 or more. Offer can be availed once per user during the offer period (Dec 01 ? Dec 31). The cashback will be credited within 7 days from completion of the transaction and redemption of the scratch card on Paytm app. Cashback not applicable on Milk, Tobacco, Cigarettes and Baby needs. Other T&Cs may apply.",PAYTMRUPAYCC,Swavlamban Bobcard (Rupay),
Up to Rs.300 Cashback,"Applicable only on transactions using Rupay Credit Cards on UPI on Paytm. Minimum Cashback is Rs.20 per transaction. Total value of eligible items must be Rs.600 or more. Offer can be availed once per user during the offer period (Dec 01 ? Dec 31). The cashback will be credited within 7 days from completion of the transaction and redemption of the scratch card on Paytm app. Cashback not applicable on Milk, Tobacco, Cigarettes and Baby needs. Other T&Cs may apply.",PAYTMRUPAYCC,Karnataka Bank Simplysave SBI Card (Rupay),
Up to Rs.300 Cashback,"Applicable only on transactions using Rupay Credit Cards on UPI on Paytm. Minimum Cashback is Rs.20 per transaction. Total value of eligible items must be Rs.600 or more. Offer can be availed once per user during the offer period (Dec 01 ? Dec 31). The cashback will be credited within 7 days from completion of the transaction and redemption of the scratch card on Paytm app. Cashback not applicable on Milk, Tobacco, Cigarettes and Baby needs. Other T&Cs may apply.",PAYTMRUPAYCC,RBL Bank VCard (Rupay),
Up to Rs.300 Cashback,"Applicable only on transactions using Rupay Credit Cards on UPI on Paytm. Minimum Cashback is Rs.20 per transaction. Total value of eligible items must be Rs.600 or more. Offer can be availed once per user during the offer period (Dec 01 ? Dec 31). The cashback will be credited within 7 days from completion of the transaction and redemption of the scratch card on Paytm app. Cashback not applicable on Milk, Tobacco, Cigarettes and Baby needs. Other T&Cs may apply.",PAYTMRUPAYCC,Federal Bank Scapia Credit Card (Rupay),
Up to Rs.300 Cashback,"Applicable only on transactions using Rupay Credit Cards on UPI on Paytm. Minimum Cashback is Rs.20 per transaction. Total value of eligible items must be Rs.600 or more. Offer can be availed once per user during the offer period (Dec 01 ? Dec 31). The cashback will be credited within 7 days from completion of the transaction and redemption of the scratch card on Paytm app. Cashback not applicable on Milk, Tobacco, Cigarettes and Baby needs. Other T&Cs may apply.",PAYTMRUPAYCC,Reliance SBI Card Prime (Rupay),
Up to Rs.300 Cashback,"Applicable only on transactions using Rupay Credit Cards on UPI on Paytm. Minimum Cashback is Rs.20 per transaction. Total value of eligible items must be Rs.600 or more. Offer can be availed once per user during the offer period (Dec 01 ? Dec 31). The cashback will be credited within 7 days from completion of the transaction and redemption of the scratch card on Paytm app. Cashback not applicable on Milk, Tobacco, Cigarettes and Baby needs. Other T&Cs may apply.",PAYTMRUPAYCC,6E Rewards XL IndiGo HDFC Bank Credit Card (Rupay),
Up to Rs.300 Cashback,"Applicable only on transactions using Rupay Credit Cards on UPI on Paytm. Minimum Cashback is Rs.20 per transaction. Total value of eligible items must be Rs.600 or more. Offer can be availed once per user during the offer period (Dec 01 ? Dec 31). The cashback will be credited within 7 days from completion of the transaction and redemption of the scratch card on Paytm app. Cashback not applicable on Milk, Tobacco, Cigarettes and Baby needs. Other T&Cs may apply.",PAYTMRUPAYCC,SBM Kredit.Pe Credit Card (Rupay),
Up to Rs.300 Cashback,"Applicable only on transactions using Rupay Credit Cards on UPI on Paytm. Minimum Cashback is Rs.20 per transaction. Total value of eligible items must be Rs.600 or more. Offer can be availed once per user during the offer period (Dec 01 ? Dec 31). The cashback will be credited within 7 days from completion of the transaction and redemption of the scratch card on Paytm app. Cashback not applicable on Milk, Tobacco, Cigarettes and Baby needs. Other T&Cs may apply.",PAYTMRUPAYCC,Kotak Mojo Platinum Credit Card (Rupay),
Up to Rs.300 Cashback,"Applicable only on transactions using Rupay Credit Cards on UPI on Paytm. Minimum Cashback is Rs.20 per transaction. Total value of eligible items must be Rs.600 or more. Offer can be availed once per user during the offer period (Dec 01 ? Dec 31). The cashback will be credited within 7 days from completion of the transaction and redemption of the scratch card on Paytm app. Cashback not applicable on Milk, Tobacco, Cigarettes and Baby needs. Other T&Cs may apply.",PAYTMRUPAYCC,HDFC Bank UPI Rupay Biz Credit Card (Rupay),
Up to Rs.300 Cashback,"Applicable only on transactions using Rupay Credit Cards on UPI on Paytm. Minimum Cashback is Rs.20 per transaction. Total value of eligible items must be Rs.600 or more. Offer can be availed once per user during the offer period (Dec 01 ? Dec 31). The cashback will be credited within 7 days from completion of the transaction and redemption of the scratch card on Paytm app. Cashback not applicable on Milk, Tobacco, Cigarettes and Baby needs. Other T&Cs may apply.",PAYTMRUPAYCC,RBL Bank Patanjali Swarn RuPay Card (Rupay),
Up to Rs.300 Cashback,"Applicable only on transactions using Rupay Credit Cards on UPI on Paytm. Minimum Cashback is Rs.20 per transaction. Total value of eligible items must be Rs.600 or more. Offer can be availed once per user during the offer period (Dec 01 ? Dec 31). The cashback will be credited within 7 days from completion of the transaction and redemption of the scratch card on Paytm app. Cashback not applicable on Milk, Tobacco, Cigarettes and Baby needs. Other T&Cs may apply.",PAYTMRUPAYCC,Indian Army Yoddha Bobcard (Rupay),
Up to Rs.300 Cashback,"Applicable only on transactions using Rupay Credit Cards on UPI on Paytm. Minimum Cashback is Rs.20 per transaction. Total value of eligible items must be Rs.600 or more. Offer can be availed once per user during the offer period (Dec 01 ? Dec 31). The cashback will be credited within 7 days from completion of the transaction and redemption of the scratch card on Paytm app. Cashback not applicable on Milk, Tobacco, Cigarettes and Baby needs. Other T&Cs may apply.",PAYTMRUPAYCC,HPCL Energie Bobcard (Rupay),
Up to Rs.300 Cashback,"Applicable only on transactions using Rupay Credit Cards on UPI on Paytm. Minimum Cashback is Rs.20 per transaction. Total value of eligible items must be Rs.600 or more. Offer can be availed once per user during the offer period (Dec 01 ? Dec 31). The cashback will be credited within 7 days from completion of the transaction and redemption of the scratch card on Paytm app. Cashback not applicable on Milk, Tobacco, Cigarettes and Baby needs. Other T&Cs may apply.",PAYTMRUPAYCC,Apollo SBI Card Select (Rupay),
Up to Rs.300 Cashback,"Applicable only on transactions using Rupay Credit Cards on UPI on Paytm. Minimum Cashback is Rs.20 per transaction. Total value of eligible items must be Rs.600 or more. Offer can be availed once per user during the offer period (Dec 01 ? Dec 31). The cashback will be credited within 7 days from completion of the transaction and redemption of the scratch card on Paytm app. Cashback not applicable on Milk, Tobacco, Cigarettes and Baby needs. Other T&Cs may apply.",PAYTMRUPAYCC,PNB Rakshak Rupay Platinum Card (Rupay),
Up to Rs.300 Cashback,"Applicable only on transactions using Rupay Credit Cards on UPI on Paytm. Minimum Cashback is Rs.20 per transaction. Total value of eligible items must be Rs.600 or more. Offer can be availed once per user during the offer period (Dec 01 ? Dec 31). The cashback will be credited within 7 days from completion of the transaction and redemption of the scratch card on Paytm app. Cashback not applicable on Milk, Tobacco, Cigarettes and Baby needs. Other T&Cs may apply.",PAYTMRUPAYCC,Indianoil Kotak Credit Card (Rupay),
Up to Rs.300 Cashback,"Applicable only on transactions using Rupay Credit Cards on UPI on Paytm. Minimum Cashback is Rs.20 per transaction. Total value of eligible items must be Rs.600 or more. Offer can be availed once per user during the offer period (Dec 01 ? Dec 31). The cashback will be credited within 7 days from completion of the transaction and redemption of the scratch card on Paytm app. Cashback not applicable on Milk, Tobacco, Cigarettes and Baby needs. Other T&Cs may apply.",PAYTMRUPAYCC,Canara Bank Rupay Select Credit Card (Rupay),
Up to Rs.300 Cashback,"Applicable only on transactions using Rupay Credit Cards on UPI on Paytm. Minimum Cashback is Rs.20 per transaction. Total value of eligible items must be Rs.600 or more. Offer can be availed once per user during the offer period (Dec 01 ? Dec 31). The cashback will be credited within 7 days from completion of the transaction and redemption of the scratch card on Paytm app. Cashback not applicable on Milk, Tobacco, Cigarettes and Baby needs. Other T&Cs may apply.",PAYTMRUPAYCC,Ixigo AU Travel Credit Card (Rupay),
Up to Rs.300 Cashback,"Applicable only on transactions using Rupay Credit Cards on UPI on Paytm. Minimum Cashback is Rs.20 per transaction. Total value of eligible items must be Rs.600 or more. Offer can be availed once per user during the offer period (Dec 01 ? Dec 31). The cashback will be credited within 7 days from completion of the transaction and redemption of the scratch card on Paytm app. Cashback not applicable on Milk, Tobacco, Cigarettes and Baby needs. Other T&Cs may apply.",PAYTMRUPAYCC,PNB RuPay Platinum Credit Card (Rupay),
Up to Rs.300 Cashback,"Applicable only on transactions using Rupay Credit Cards on UPI on Paytm. Minimum Cashback is Rs.20 per transaction. Total value of eligible items must be Rs.600 or more. Offer can be availed once per user during the offer period (Dec 01 ? Dec 31). The cashback will be credited within 7 days from completion of the transaction and redemption of the scratch card on Paytm app. Cashback not applicable on Milk, Tobacco, Cigarettes and Baby needs. Other T&Cs may apply.",PAYTMRUPAYCC,SBI Card Elite (Rupay),
Up to Rs.300 Cashback,"Applicable only on transactions using Rupay Credit Cards on UPI on Paytm. Minimum Cashback is Rs.20 per transaction. Total value of eligible items must be Rs.600 or more. Offer can be availed once per user during the offer period (Dec 01 ? Dec 31). The cashback will be credited within 7 days from completion of the transaction and redemption of the scratch card on Paytm app. Cashback not applicable on Milk, Tobacco, Cigarettes and Baby needs. Other T&Cs may apply.",PAYTMRUPAYCC,Federal Bank Wave Credit Card (Rupay),
Up to Rs.300 Cashback,"Applicable only on transactions using Rupay Credit Cards on UPI on Paytm. Minimum Cashback is Rs.20 per transaction. Total value of eligible items must be Rs.600 or more. Offer can be availed once per user during the offer period (Dec 01 ? Dec 31). The cashback will be credited within 7 days from completion of the transaction and redemption of the scratch card on Paytm app. Cashback not applicable on Milk, Tobacco, Cigarettes and Baby needs. Other T&Cs may apply.",PAYTMRUPAYCC,Bank of India Rupay Platinum Credit Card (Rupay),
Up to Rs.300 Cashback,"Applicable only on transactions using Rupay Credit Cards on UPI on Paytm. Minimum Cashback is Rs.20 per transaction. Total value of eligible items must be Rs.600 or more. Offer can be availed once per user during the offer period (Dec 01 ? Dec 31). The cashback will be credited within 7 days from completion of the transaction and redemption of the scratch card on Paytm app. Cashback not applicable on Milk, Tobacco, Cigarettes and Baby needs. Other T&Cs may apply.",PAYTMRUPAYCC,RBL Bank SalarySe Up RuPay Credit Card (Rupay),
Up to Rs.300 Cashback,"Applicable only on transactions using Rupay Credit Cards on UPI on Paytm. Minimum Cashback is Rs.20 per transaction. Total value of eligible items must be Rs.600 or more. Offer can be availed once per user during the offer period (Dec 01 ? Dec 31). The cashback will be credited within 7 days from completion of the transaction and redemption of the scratch card on Paytm app. Cashback not applicable on Milk, Tobacco, Cigarettes and Baby needs. Other T&Cs may apply.",PAYTMRUPAYCC,Bank of India SwaDhan Rupay Platinum Credit Card (Rupay),
Up to Rs.300 Cashback,"Applicable only on transactions using Rupay Credit Cards on UPI on Paytm. Minimum Cashback is Rs.20 per transaction. Total value of eligible items must be Rs.600 or more. Offer can be availed once per user during the offer period (Dec 01 ? Dec 31). The cashback will be credited within 7 days from completion of the transaction and redemption of the scratch card on Paytm app. Cashback not applicable on Milk, Tobacco, Cigarettes and Baby needs. Other T&Cs may apply.",PAYTMRUPAYCC,Kotak League Platinum Credit Card (Rupay),
Up to Rs.300 Cashback,"Applicable only on transactions using Rupay Credit Cards on UPI on Paytm. Minimum Cashback is Rs.20 per transaction. Total value of eligible items must be Rs.600 or more. Offer can be availed once per user during the offer period (Dec 01 ? Dec 31). The cashback will be credited within 7 days from completion of the transaction and redemption of the scratch card on Paytm app. Cashback not applicable on Milk, Tobacco, Cigarettes and Baby needs. Other T&Cs may apply.",PAYTMRUPAYCC,TVS Credit RBL Bank Card (Rupay),
Up to Rs.300 Cashback,"Applicable only on transactions using Rupay Credit Cards on UPI on Paytm. Minimum Cashback is Rs.20 per transaction. Total value of eligible items must be Rs.600 or more. Offer can be availed once per user during the offer period (Dec 01 ? Dec 31). The cashback will be credited within 7 days from completion of the transaction and redemption of the scratch card on Paytm app. Cashback not applicable on Milk, Tobacco, Cigarettes and Baby needs. Other T&Cs may apply.",PAYTMRUPAYCC,IRCTC RBL Bank Credit Card (Rupay),
Up to Rs.300 Cashback,"Applicable only on transactions using Rupay Credit Cards on UPI on Paytm. Minimum Cashback is Rs.20 per transaction. Total value of eligible items must be Rs.600 or more. Offer can be availed once per user during the offer period (Dec 01 ? Dec 31). The cashback will be credited within 7 days from completion of the transaction and redemption of the scratch card on Paytm app. Cashback not applicable on Milk, Tobacco, Cigarettes and Baby needs. Other T&Cs may apply.",PAYTMRUPAYCC,PNB EMT Rupay Platinum Credit Card (Rupay),
Up to Rs.300 Cashback,"Applicable only on transactions using Rupay Credit Cards on UPI on Paytm. Minimum Cashback is Rs.20 per transaction. Total value of eligible items must be Rs.600 or more. Offer can be availed once per user during the offer period (Dec 01 ? Dec 31). The cashback will be credited within 7 days from completion of the transaction and redemption of the scratch card on Paytm app. Cashback not applicable on Milk, Tobacco, Cigarettes and Baby needs. Other T&Cs may apply.",PAYTMRUPAYCC,ICAI Exclusive Bobcard (Rupay),
Up to Rs.300 Cashback,"Applicable only on transactions using Rupay Credit Cards on UPI on Paytm. Minimum Cashback is Rs.20 per transaction. Total value of eligible items must be Rs.600 or more. Offer can be availed once per user during the offer period (Dec 01 ? Dec 31). The cashback will be credited within 7 days from completion of the transaction and redemption of the scratch card on Paytm app. Cashback not applicable on Milk, Tobacco, Cigarettes and Baby needs. Other T&Cs may apply.",PAYTMRUPAYCC,HDFC Bank Biz Grow Credit Card (Rupay),
Up to Rs.300 Cashback,"Applicable only on transactions using Rupay Credit Cards on UPI on Paytm. Minimum Cashback is Rs.20 per transaction. Total value of eligible items must be Rs.600 or more. Offer can be availed once per user during the offer period (Dec 01 ? Dec 31). The cashback will be credited within 7 days from completion of the transaction and redemption of the scratch card on Paytm app. Cashback not applicable on Milk, Tobacco, Cigarettes and Baby needs. Other T&Cs may apply.",PAYTMRUPAYCC,SimplySave SBI Card (Rupay),
Up to Rs.300 Cashback,"Applicable only on transactions using Rupay Credit Cards on UPI on Paytm. Minimum Cashback is Rs.20 per transaction. Total value of eligible items must be Rs.600 or more. Offer can be availed once per user during the offer period (Dec 01 ? Dec 31). The cashback will be credited within 7 days from completion of the transaction and redemption of the scratch card on Paytm app. Cashback not applicable on Milk, Tobacco, Cigarettes and Baby needs. Other T&Cs may apply.",PAYTMRUPAYCC,Assam Rifles The Sentinel Bobcard (Rupay),
Up to Rs.300 Cashback,"Applicable only on transactions using Rupay Credit Cards on UPI on Paytm. Minimum Cashback is Rs.20 per transaction. Total value of eligible items must be Rs.600 or more. Offer can be availed once per user during the offer period (Dec 01 ? Dec 31). The cashback will be credited within 7 days from completion of the transaction and redemption of the scratch card on Paytm app. Cashback not applicable on Milk, Tobacco, Cigarettes and Baby needs. Other T&Cs may apply.",PAYTMRUPAYCC,Canara Bank Rupay Platinum Secured Credit Card (Rupay),
Up to Rs.300 Cashback,"Applicable only on transactions using Rupay Credit Cards on UPI on Paytm. Minimum Cashback is Rs.20 per transaction. Total value of eligible items must be Rs.600 or more. Offer can be availed once per user during the offer period (Dec 01 ? Dec 31). The cashback will be credited within 7 days from completion of the transaction and redemption of the scratch card on Paytm app. Cashback not applicable on Milk, Tobacco, Cigarettes and Baby needs. Other T&Cs may apply.",PAYTMRUPAYCC,CSC Small Business MoneyBack Credit Card (Rupay),
Up to Rs.300 Cashback,"Applicable only on transactions using Rupay Credit Cards on UPI on Paytm. Minimum Cashback is Rs.20 per transaction. Total value of eligible items must be Rs.600 or more. Offer can be availed once per user during the offer period (Dec 01 ? Dec 31). The cashback will be credited within 7 days from completion of the transaction and redemption of the scratch card on Paytm app. Cashback not applicable on Milk, Tobacco, Cigarettes and Baby needs. Other T&Cs may apply.",PAYTMRUPAYCC,ICSI Diamond Bobcard (Rupay),
Up to Rs.300 Cashback,"Applicable only on transactions using Rupay Credit Cards on UPI on Paytm. Minimum Cashback is Rs.20 per transaction. Total value of eligible items must be Rs.600 or more. Offer can be availed once per user during the offer period (Dec 01 ? Dec 31). The cashback will be credited within 7 days from completion of the transaction and redemption of the scratch card on Paytm app. Cashback not applicable on Milk, Tobacco, Cigarettes and Baby needs. Other T&Cs may apply.",PAYTMRUPAYCC,Indusind Samman RuPay Credit Card (Rupay),
Up to Rs.300 Cashback,"Applicable only on transactions using Rupay Credit Cards on UPI on Paytm. Minimum Cashback is Rs.20 per transaction. Total value of eligible items must be Rs.600 or more. Offer can be availed once per user during the offer period (Dec 01 ? Dec 31). The cashback will be credited within 7 days from completion of the transaction and redemption of the scratch card on Paytm app. Cashback not applicable on Milk, Tobacco, Cigarettes and Baby needs. Other T&Cs may apply.",PAYTMRUPAYCC,Myntra Kotak Credit Card (Rupay),
Up to Rs.300 Cashback,"Applicable only on transactions using Rupay Credit Cards on UPI on Paytm. Minimum Cashback is Rs.20 per transaction. Total value of eligible items must be Rs.600 or more. Offer can be availed once per user during the offer period (Dec 01 ? Dec 31). The cashback will be credited within 7 days from completion of the transaction and redemption of the scratch card on Paytm app. Cashback not applicable on Milk, Tobacco, Cigarettes and Baby needs. Other T&Cs may apply.",PAYTMRUPAYCC,Union Bank of India Rupay Select Credit Card (Rupay),
Up to Rs.300 Cashback,"Applicable only on transactions using Rupay Credit Cards on UPI on Paytm. Minimum Cashback is Rs.20 per transaction. Total value of eligible items must be Rs.600 or more. Offer can be availed once per user during the offer period (Dec 01 ? Dec 31). The cashback will be credited within 7 days from completion of the transaction and redemption of the scratch card on Paytm app. Cashback not applicable on Milk, Tobacco, Cigarettes and Baby needs. Other T&Cs may apply.",PAYTMRUPAYCC,Paytm SBI Credit Card (Rupay),
Up to Rs.300 Cashback,"Applicable only on transactions using Rupay Credit Cards on UPI on Paytm. Minimum Cashback is Rs.20 per transaction. Total value of eligible items must be Rs.600 or more. Offer can be availed once per user during the offer period (Dec 01 ? Dec 31). The cashback will be credited within 7 days from completion of the transaction and redemption of the scratch card on Paytm app. Cashback not applicable on Milk, Tobacco, Cigarettes and Baby needs. Other T&Cs may apply.",PAYTMRUPAYCC,BPCL SBI Credit Card (Rupay),
Up to Rs.300 Cashback,"Applicable only on transactions using Rupay Credit Cards on UPI on Paytm. Minimum Cashback is Rs.20 per transaction. Total value of eligible items must be Rs.600 or more. Offer can be availed once per user during the offer period (Dec 01 ? Dec 31). The cashback will be credited within 7 days from completion of the transaction and redemption of the scratch card on Paytm app. Cashback not applicable on Milk, Tobacco, Cigarettes and Baby needs. Other T&Cs may apply.",PAYTMRUPAYCC,IDFC First Power Credit Card (Rupay),
Up to Rs.300 Cashback,"Applicable only on transactions using Rupay Credit Cards on UPI on Paytm. Minimum Cashback is Rs.20 per transaction. Total value of eligible items must be Rs.600 or more. Offer can be availed once per user during the offer period (Dec 01 ? Dec 31). The cashback will be credited within 7 days from completion of the transaction and redemption of the scratch card on Paytm app. Cashback not applicable on Milk, Tobacco, Cigarettes and Baby needs. Other T&Cs may apply.",PAYTMRUPAYCC,Airtel Axis Bank Credit Card (Rupay),
Up to Rs.300 Cashback,"Applicable only on transactions using Rupay Credit Cards on UPI on Paytm. Minimum Cashback is Rs.20 per transaction. Total value of eligible items must be Rs.600 or more. Offer can be availed once per user during the offer period (Dec 01 ? Dec 31). The cashback will be credited within 7 days from completion of the transaction and redemption of the scratch card on Paytm app. Cashback not applicable on Milk, Tobacco, Cigarettes and Baby needs. Other T&Cs may apply.",PAYTMRUPAYCC,YES Bank Paisabazaar Paisasave Credit Card (Rupay),
Up to Rs.300 Cashback,"Applicable only on transactions using Rupay Credit Cards on UPI on Paytm. Minimum Cashback is Rs.20 per transaction. Total value of eligible items must be Rs.600 or more. Offer can be availed once per user during the offer period (Dec 01 ? Dec 31). The cashback will be credited within 7 days from completion of the transaction and redemption of the scratch card on Paytm app. Cashback not applicable on Milk, Tobacco, Cigarettes and Baby needs. Other T&Cs may apply.",PAYTMRUPAYCC,Yatra SBI Card (Rupay),
Up to Rs.300 Cashback,"Applicable only on transactions using Rupay Credit Cards on UPI on Paytm. Minimum Cashback is Rs.20 per transaction. Total value of eligible items must be Rs.600 or more. Offer can be availed once per user during the offer period (Dec 01 ? Dec 31). The cashback will be credited within 7 days from completion of the transaction and redemption of the scratch card on Paytm app. Cashback not applicable on Milk, Tobacco, Cigarettes and Baby needs. Other T&Cs may apply.",PAYTMRUPAYCC,IndusInd Bank Platinum RuPay Credit Card (Rupay),
Up to Rs.300 Cashback,"Applicable only on transactions using Rupay Credit Cards on UPI on Paytm. Minimum Cashback is Rs.20 per transaction. Total value of eligible items must be Rs.600 or more. Offer can be availed once per user during the offer period (Dec 01 ? Dec 31). The cashback will be credited within 7 days from completion of the transaction and redemption of the scratch card on Paytm app. Cashback not applicable on Milk, Tobacco, Cigarettes and Baby needs. Other T&Cs may apply.",PAYTMRUPAYCC,Axis KWIK Credit Card (Rupay),
Up to Rs.300 Cashback,"Applicable only on transactions using Rupay Credit Cards on UPI on Paytm. Minimum Cashback is Rs.20 per transaction. Total value of eligible items must be Rs.600 or more. Offer can be availed once per user during the offer period (Dec 01 ? Dec 31). The cashback will be credited within 7 days from completion of the transaction and redemption of the scratch card on Paytm app. Cashback not applicable on Milk, Tobacco, Cigarettes and Baby needs. Other T&Cs may apply.",PAYTMRUPAYCC,TVS Credit RBL Bank Gold Card (Rupay),
Up to Rs.300 Cashback,"Applicable only on transactions using Rupay Credit Cards on UPI on Paytm. Minimum Cashback is Rs.20 per transaction. Total value of eligible items must be Rs.600 or more. Offer can be availed once per user during the offer period (Dec 01 ? Dec 31). The cashback will be credited within 7 days from completion of the transaction and redemption of the scratch card on Paytm app. Cashback not applicable on Milk, Tobacco, Cigarettes and Baby needs. Other T&Cs may apply.",PAYTMRUPAYCC,Reliance SBI Card (Rupay),
Up to Rs.300 Cashback,"Applicable only on transactions using Rupay Credit Cards on UPI on Paytm. Minimum Cashback is Rs.20 per transaction. Total value of eligible items must be Rs.600 or more. Offer can be availed once per user during the offer period (Dec 01 ? Dec 31). The cashback will be credited within 7 days from completion of the transaction and redemption of the scratch card on Paytm app. Cashback not applicable on Milk, Tobacco, Cigarettes and Baby needs. Other T&Cs may apply.",PAYTMRUPAYCC,Canara Bank Rupay Platinum Credit Card (Rupay),
Up to Rs.300 Cashback,"Applicable only on transactions using Rupay Credit Cards on UPI on Paytm. Minimum Cashback is Rs.20 per transaction. Total value of eligible items must be Rs.600 or more. Offer can be availed once per user during the offer period (Dec 01 ? Dec 31). The cashback will be credited within 7 days from completion of the transaction and redemption of the scratch card on Paytm app. Cashback not applicable on Milk, Tobacco, Cigarettes and Baby needs. Other T&Cs may apply.",PAYTMRUPAYCC,IDFC First Earn RuPay Credit Card (Rupay),
Up to Rs.300 Cashback,"Applicable only on transactions using Rupay Credit Cards on UPI on Paytm. Minimum Cashback is Rs.20 per transaction. Total value of eligible items must be Rs.600 or more. Offer can be availed once per user during the offer period (Dec 01 ? Dec 31). The cashback will be credited within 7 days from completion of the transaction and redemption of the scratch card on Paytm app. Cashback not applicable on Milk, Tobacco, Cigarettes and Baby needs. Other T&Cs may apply.",PAYTMRUPAYCC,PSB SimplySAVE SBI Card (Rupay),
Up to Rs.300 Cashback,"Applicable only on transactions using Rupay Credit Cards on UPI on Paytm. Minimum Cashback is Rs.20 per transaction. Total value of eligible items must be Rs.600 or more. Offer can be availed once per user during the offer period (Dec 01 ? Dec 31). The cashback will be credited within 7 days from completion of the transaction and redemption of the scratch card on Paytm app. Cashback not applicable on Milk, Tobacco, Cigarettes and Baby needs. Other T&Cs may apply.",PAYTMRUPAYCC,UNI Carbon Credit Card. (Rupay),
Up to Rs.300 Cashback,"Applicable only on transactions using Rupay Credit Cards on UPI on Paytm. Minimum Cashback is Rs.20 per transaction. Total value of eligible items must be Rs.600 or more. Offer can be availed once per user during the offer period (Dec 01 ? Dec 31). The cashback will be credited within 7 days from completion of the transaction and redemption of the scratch card on Paytm app. Cashback not applicable on Milk, Tobacco, Cigarettes and Baby needs. Other T&Cs may apply.",PAYTMRUPAYCC,PNB Rupay Millennial Card (Rupay),
Up to Rs.300 Cashback,"Applicable only on transactions using Rupay Credit Cards on UPI on Paytm. Minimum Cashback is Rs.20 per transaction. Total value of eligible items must be Rs.600 or more. Offer can be availed once per user during the offer period (Dec 01 ? Dec 31). The cashback will be credited within 7 days from completion of the transaction and redemption of the scratch card on Paytm app. Cashback not applicable on Milk, Tobacco, Cigarettes and Baby needs. Other T&Cs may apply.",PAYTMRUPAYCC,Yes Bank Card Anq Phi Credit Card (Rupay),
Up to Rs.300 Cashback,"Applicable only on transactions using Rupay Credit Cards on UPI on Paytm. Minimum Cashback is Rs.20 per transaction. Total value of eligible items must be Rs.600 or more. Offer can be availed once per user during the offer period (Dec 01 ? Dec 31). The cashback will be credited within 7 days from completion of the transaction and redemption of the scratch card on Paytm app. Cashback not applicable on Milk, Tobacco, Cigarettes and Baby needs. Other T&Cs may apply.",PAYTMRUPAYCC,HDFC Bank Biz Power Credit Card (Rupay),
Up to Rs.300 Cashback,"Applicable only on transactions using Rupay Credit Cards on UPI on Paytm. Minimum Cashback is Rs.20 per transaction. Total value of eligible items must be Rs.600 or more. Offer can be availed once per user during the offer period (Dec 01 ? Dec 31). The cashback will be credited within 7 days from completion of the transaction and redemption of the scratch card on Paytm app. Cashback not applicable on Milk, Tobacco, Cigarettes and Baby needs. Other T&Cs may apply.",PAYTMRUPAYCC,UCO Bank SBI Card Elite (Rupay),
Up to Rs.300 Cashback,"Applicable only on transactions using Rupay Credit Cards on UPI on Paytm. Minimum Cashback is Rs.20 per transaction. Total value of eligible items must be Rs.600 or more. Offer can be availed once per user during the offer period (Dec 01 ? Dec 31). The cashback will be credited within 7 days from completion of the transaction and redemption of the scratch card on Paytm app. Cashback not applicable on Milk, Tobacco, Cigarettes and Baby needs. Other T&Cs may apply.",PAYTMRUPAYCC,Indian Navy Varunah Premium Bobcard (Rupay),
Up to Rs.300 Cashback,"Applicable only on transactions using Rupay Credit Cards on UPI on Paytm. Minimum Cashback is Rs.20 per transaction. Total value of eligible items must be Rs.600 or more. Offer can be availed once per user during the offer period (Dec 01 ? Dec 31). The cashback will be credited within 7 days from completion of the transaction and redemption of the scratch card on Paytm app. Cashback not applicable on Milk, Tobacco, Cigarettes and Baby needs. Other T&Cs may apply.",PAYTMRUPAYCC,IndianOil Axis Bank Credit Card (Rupay),
Up to Rs.300 Cashback,"Applicable only on transactions using Rupay Credit Cards on UPI on Paytm. Minimum Cashback is Rs.20 per transaction. Total value of eligible items must be Rs.600 or more. Offer can be availed once per user during the offer period (Dec 01 ? Dec 31). The cashback will be credited within 7 days from completion of the transaction and redemption of the scratch card on Paytm app. Cashback not applicable on Milk, Tobacco, Cigarettes and Baby needs. Other T&Cs may apply.",PAYTMRUPAYCC,CMA One Bobcard (Rupay),
Up to Rs.300 Cashback,"Applicable only on transactions using Rupay Credit Cards on UPI on Paytm. Minimum Cashback is Rs.20 per transaction. Total value of eligible items must be Rs.600 or more. Offer can be availed once per user during the offer period (Dec 01 ? Dec 31). The cashback will be credited within 7 days from completion of the transaction and redemption of the scratch card on Paytm app. Cashback not applicable on Milk, Tobacco, Cigarettes and Baby needs. Other T&Cs may apply.",PAYTMRUPAYCC,Shaurya SBI Card (Rupay),
Up to Rs.300 Cashback,"Applicable only on transactions using Rupay Credit Cards on UPI on Paytm. Minimum Cashback is Rs.20 per transaction. Total value of eligible items must be Rs.600 or more. Offer can be availed once per user during the offer period (Dec 01 ? Dec 31). The cashback will be credited within 7 days from completion of the transaction and redemption of the scratch card on Paytm app. Cashback not applicable on Milk, Tobacco, Cigarettes and Baby needs. Other T&Cs may apply.",PAYTMRUPAYCC,SBI Card Miles (Rupay),
Up to Rs.300 Cashback,"Applicable only on transactions using Rupay Credit Cards on UPI on Paytm. Minimum Cashback is Rs.20 per transaction. Total value of eligible items must be Rs.600 or more. Offer can be availed once per user during the offer period (Dec 01 ? Dec 31). The cashback will be credited within 7 days from completion of the transaction and redemption of the scratch card on Paytm app. Cashback not applicable on Milk, Tobacco, Cigarettes and Baby needs. Other T&Cs may apply.",PAYTMRUPAYCC,South Indian Bank Simplysave SBI Card (Rupay),
Up to Rs.300 Cashback,"Applicable only on transactions using Rupay Credit Cards on UPI on Paytm. Minimum Cashback is Rs.20 per transaction. Total value of eligible items must be Rs.600 or more. Offer can be availed once per user during the offer period (Dec 01 ? Dec 31). The cashback will be credited within 7 days from completion of the transaction and redemption of the scratch card on Paytm app. Cashback not applicable on Milk, Tobacco, Cigarettes and Baby needs. Other T&Cs may apply.",PAYTMRUPAYCC,ICICI Bank Sapphiro Credit Card (Rupay),
Up to Rs.300 Cashback,"Applicable only on transactions using Rupay Credit Cards on UPI on Paytm. Minimum Cashback is Rs.20 per transaction. Total value of eligible items must be Rs.600 or more. Offer can be availed once per user during the offer period (Dec 01 ? Dec 31). The cashback will be credited within 7 days from completion of the transaction and redemption of the scratch card on Paytm app. Cashback not applicable on Milk, Tobacco, Cigarettes and Baby needs. Other T&Cs may apply.",PAYTMRUPAYCC,IRCTC SBI Card Rupay (Rupay),
Up to Rs.300 Cashback,"Applicable only on transactions using Rupay Credit Cards on UPI on Paytm. Minimum Cashback is Rs.20 per transaction. Total value of eligible items must be Rs.600 or more. Offer can be availed once per user during the offer period (Dec 01 ? Dec 31). The cashback will be credited within 7 days from completion of the transaction and redemption of the scratch card on Paytm app. Cashback not applicable on Milk, Tobacco, Cigarettes and Baby needs. Other T&Cs may apply.",PAYTMRUPAYCC,ICICI Bank HPCL Super Saver Credit Card (Rupay),
Up to Rs.300 Cashback,"Applicable only on transactions using Rupay Credit Cards on UPI on Paytm. Minimum Cashback is Rs.20 per transaction. Total value of eligible items must be Rs.600 or more. Offer can be availed once per user during the offer period (Dec 01 ? Dec 31). The cashback will be credited within 7 days from completion of the transaction and redemption of the scratch card on Paytm app. Cashback not applicable on Milk, Tobacco, Cigarettes and Baby needs. Other T&Cs may apply.",PAYTMRUPAYCC,PNB Patanjali Rupay Platinum Card (Rupay),
Up to Rs.300 Cashback,"Applicable only on transactions using Rupay Credit Cards on UPI on Paytm. Minimum Cashback is Rs.20 per transaction. Total value of eligible items must be Rs.600 or more. Offer can be availed once per user during the offer period (Dec 01 ? Dec 31). The cashback will be credited within 7 days from completion of the transaction and redemption of the scratch card on Paytm app. Cashback not applicable on Milk, Tobacco, Cigarettes and Baby needs. Other T&Cs may apply.",PAYTMRUPAYCC,SBM Credilio Secured Credit Card (Rupay),
Up to Rs.300 Cashback,"Applicable only on transactions using Rupay Credit Cards on UPI on Paytm. Minimum Cashback is Rs.20 per transaction. Total value of eligible items must be Rs.600 or more. Offer can be availed once per user during the offer period (Dec 01 ? Dec 31). The cashback will be credited within 7 days from completion of the transaction and redemption of the scratch card on Paytm app. Cashback not applicable on Milk, Tobacco, Cigarettes and Baby needs. Other T&Cs may apply.",PAYTMRUPAYCC,RBL Bank Patanjali Vishisht RuPay Card (Rupay),
Up to Rs.300 Cashback,"Applicable only on transactions using Rupay Credit Cards on UPI on Paytm. Minimum Cashback is Rs.20 per transaction. Total value of eligible items must be Rs.600 or more. Offer can be availed once per user during the offer period (Dec 01 ? Dec 31). The cashback will be credited within 7 days from completion of the transaction and redemption of the scratch card on Paytm app. Cashback not applicable on Milk, Tobacco, Cigarettes and Baby needs. Other T&Cs may apply.",PAYTMRUPAYCC,Tata Neu Infinity HDFC Bank Credit Card (Rupay),
Up to Rs.300 Cashback,"Applicable only on transactions using Rupay Credit Cards on UPI on Paytm. Minimum Cashback is Rs.20 per transaction. Total value of eligible items must be Rs.600 or more. Offer can be availed once per user during the offer period (Dec 01 ? Dec 31). The cashback will be credited within 7 days from completion of the transaction and redemption of the scratch card on Paytm app. Cashback not applicable on Milk, Tobacco, Cigarettes and Baby needs. Other T&Cs may apply.",PAYTMRUPAYCC,RBL Bank Novio RuPay Credit Card (Rupay),
Up to Rs.300 Cashback,"Applicable only on transactions using Rupay Credit Cards on UPI on Paytm. Minimum Cashback is Rs.20 per transaction. Total value of eligible items must be Rs.600 or more. Offer can be availed once per user during the offer period (Dec 01 ? Dec 31). The cashback will be credited within 7 days from completion of the transaction and redemption of the scratch card on Paytm app. Cashback not applicable on Milk, Tobacco, Cigarettes and Baby needs. Other T&Cs may apply.",PAYTMRUPAYCC,South Indian Bank SimplySave SBI Card (Rupay),
Up to Rs.300 Cashback,"Applicable only on transactions using Rupay Credit Cards on UPI on Paytm. Minimum Cashback is Rs.20 per transaction. Total value of eligible items must be Rs.600 or more. Offer can be availed once per user during the offer period (Dec 01 ? Dec 31). The cashback will be credited within 7 days from completion of the transaction and redemption of the scratch card on Paytm app. Cashback not applicable on Milk, Tobacco, Cigarettes and Baby needs. Other T&Cs may apply.",PAYTMRUPAYCC,AU Bank Instapay Credit Card (Rupay),
Up to Rs.300 Cashback,"Applicable only on transactions using Rupay Credit Cards on UPI on Paytm. Minimum Cashback is Rs.20 per transaction. Total value of eligible items must be Rs.600 or more. Offer can be availed once per user during the offer period (Dec 01 ? Dec 31). The cashback will be credited within 7 days from completion of the transaction and redemption of the scratch card on Paytm app. Cashback not applicable on Milk, Tobacco, Cigarettes and Baby needs. Other T&Cs may apply.",PAYTMRUPAYCC,RBL Bank Shoprite Credit Card (Rupay),
Up to Rs.300 Cashback,"Applicable only on transactions using Rupay Credit Cards on UPI on Paytm. Minimum Cashback is Rs.20 per transaction. Total value of eligible items must be Rs.600 or more. Offer can be availed once per user during the offer period (Dec 01 ? Dec 31). The cashback will be credited within 7 days from completion of the transaction and redemption of the scratch card on Paytm app. Cashback not applicable on Milk, Tobacco, Cigarettes and Baby needs. Other T&Cs may apply.",PAYTMRUPAYCC,Fibe Axis Bank Credit Card (Rupay),
Up to Rs.300 Cashback,"Applicable only on transactions using Rupay Credit Cards on UPI on Paytm. Minimum Cashback is Rs.20 per transaction. Total value of eligible items must be Rs.600 or more. Offer can be availed once per user during the offer period (Dec 01 ? Dec 31). The cashback will be credited within 7 days from completion of the transaction and redemption of the scratch card on Paytm app. Cashback not applicable on Milk, Tobacco, Cigarettes and Baby needs. Other T&Cs may apply.",PAYTMRUPAYCC,PNB Rupay Select Card (Rupay),
Flat ?100 OFF using RBL Bank Credit Cards,"Applicable only on transactions using any RBL Bank Credit Cards; Total value of items must be ?999 or more; Offer can be availed once during the offer period (Jan 01 ?Jan 31); Discount not applicable on Gold & Silver coins, Gift Cards, Milk, Tobacco, Cigarettes and Baby needs products; Other T&Cs may apply",RBL100,"RBL Bank VCard
RBL Bank Cookie Credit Card
RBL Bank Shoprite Credit Card
RBL Platinum Maxima Plus Card
RBL Bank MoneyTap Black Card
RBL Bank Platinum Maxima Credit Card
RBL Bank Movies and More Credit Card
RBL Bank Paisabazaar Duet Plus Card
RBL Bank Bankbazaar Savemax Pro Credit Card
RBL Bank Bankbazaar Savemax Credit Card
RBL Bank iGlobe Credit Card 
RBL Bank Insignia Preferred Banking Card
RBL Bank Play Credit Card
RBL Bank World Safari Credit Card
RBL Bank Platinum Delight Credit Card
RBL Bank Monthly Treats Credit Card  
RBL Bank Lazy Pay Credit Card 
RBL Bank Icon Credit Card
RBL Bank Paisabazaar Duet Card
RBL Bank MoneyTap Credit Card
RBL Bank Mocash Credit Card
RBL Bank Platinum Classic Credit Card
RBL Bank Platinum Advantage Credit Card   
RBL Bank Platinum Plus Visa Credit Card 
RBL Bank Platinum ValuePlus MasterCard Credit Card  
RBL Bank Novio RuPay Credit Card
RBL Bank Platinum ValuePlus Credit Card 
RBL Bank Patanjali Vishisht RuPay Card 
RBL Bank Platinum Shopgain Visa Credit Card  
RBL Bank Platinum Bonus Credit Card  
RBL Bank Platinum ShopSmart MasterCard Credit Card  
RBL Bank Binge Credit Card     
TVS Credit RBL Bank Gold Mastercard Card 
IndianOil RBL Bank Credit Card
RBL Bank MyFirst Credit Card  
RBL Bank Platinum ShopDaily Credit Card 
RBL Bank Platinum Shopgain  Credit Card
RBL Bank Platinum Edge MasterCard 
RBL Bank MyFirst Mastercard Credit Card   
RBL Bank Platinum Choice Visa Credit Card   
RBL Bank EasySaver Visa Credit Card 
RBL Bank Play Credit Card
IRCTC RBL Bank Credit Card
TVS Credit RBL Bank Card 
RBL Bank SalarySe Up RuPay Credit Card
RBL Bank EasySaver Credit Card  
RBL Bank Binge MasterCard Credit Card    
RBL Bank World Prime Visa Credit Card 
RBL Bank Platinum Plus Credit Card  
RBL Bank World Max Credit Card  
IndianOil RBL Bank XTRA RuPay Credit Card
IndianOil RBL Bank RuPay Credit Card
RBL Bank World Prime Credit Card 
RBL Bank Platinum ShopDaily Visa Credit Card
RBL Bank Patanjali Swarn RuPay Card
RBL Bank Platinum Prime Credit Card 
RBL Bank World Max MasterCard Credit Card
RBL Bank Platinum Choice Credit Card
RBL Bank Platinum Shopsmart Credit Card 
RBL Bank World Plus MasterCard Credit Card 
RBL Bank World Plus Credit Card  
Indianoil RBL Bank Xtra Credit Card
RBL Bank DMI Finance Credit Card
RBL Bank Platinum TravelEasy Visa Credit Card 
RBL Bank Platinum LifeEasy Visa Credit Card
RBL Bank Platinum TravelEasy Credit Card 
RBL Bank Platinum Edge Credit Card
RBL Bank Platinum LifeEasy Credit Card",
Get 5% OFF upto ?150 using ICICI Bank Credit Card,"Applicable only on transactions using select ICICI Bank Credit Card; Get 5% OFF on final bill amount; Maximum Discount is ?150; Total value of items must be ?1999 or more; Offer can be availed once during the offer period (Jan 01 ?Jan 31); Discount not applicable on Gold & Silver coins, Gift Cards, Milk, Tobacco, Cigarettes and Baby needs products; Other T&Cs may apply",ICICICC5,"MakeMyTrip ICICI Bank Credit Card
ICICI Bank HPCL Super Saver Credit Card
ICICI Bank HPCL Super Saver RuPay Credit Card
ICICI Bank Sapphiro Credit Card
ICICI Parakram Select Credit Card
Emirates Skywards ICICI Bank Emerald Credit Card
Accelero ICICI Bank Credit Card
ICICI HPCL Coral Credit Card
MakeMyTrip ICICI Bank Platinum Credit Card
Makemytrip ICICI Bank Signature Credit Card
ICICI Bank Manchester United Platinum Credit Card
ICICI Parakram Credit Card
ICICI Bank Expressions Credit Card
Emirates Skywards Rubyx Credit Card
Adani One ICICI Platinum Credit Card 
Adani One ICICI Signature Credit Card 
ICICI Bank Emeralde Credit Card
ICICI Bank Instant Platinum Credit Card
ICICI Bank Manchester United Signature Credit Card
ICICI Bank Credit Card
ICICI Bank Coral RuPay Credit Card 
Chennai Super Kings ICICI Bank Credit Card
ICICI Bank Coral Credit Card
ICICI Bank Rubyx RuPay Credit Card 
ICICI Bank Rubyx Credit Card
ICICI Bank Platinum Chip Credit Card 
ICICI Bank Times Black Credit Card",
Get 5% OFF upto ?150 using ICICI Amazon Pay Credit Card,"Applicable only on transactions using select ICICI Amazon Pay Credit Card; Get 5% OFF on final bill amount; Maximum Discount is ?150; Total value of items must be ?1999 or more; Offer can be availed once during the offer period (Jan 01 ?Jan 31); Discount not applicable on Gold & Silver coins, Gift Cards, Milk, Tobacco, Cigarettes and Baby needs products; Other T&Cs may apply",ICICIAPAY5,Amazon Pay ICICI Bank Credit Card,
Get 10% OFF upto ?200 using Standard Chartered Digismart Card,"Applicable only on transactions using Standard Chartered Digismart Card; Maximum Discount is ?200 per transaction; No minimum order value required; Offer can be availed 5 times during the offer period (Jan 01 ?Jan 31); Discount not applicable on Gold & Silver coins, Gift Cards, Milk, Tobacco, Cigarettes and Baby needs products; Other T&Cs may apply",DIGISMART,Standard Chartered Digismart Credit Card,
